"Context","English","Gibberish","French","Spanish","German","Korean","BrazilianPortuguese","SimplifedChinese","Russian","Italian","Portuguese","Hungarian","Japanese","Norwegian","Polish","Dutch","Romanian","Danish","Czech","Swedish","Ukrainian","Greek","Arabic","Vietnamese","Turkish"
"","Beekeeping","","Apiculture","Apicultura","Bienenzucht","","Apicultura","","Пчеловодство","Apicoltura","","","","","","","","","","","","","","",""
"","Beekeeping Skill Book","","Livre de compétence : Apiculture","Libro de habilidad: Apicultura","Fähigkeitsbuch: Bienenzucht","","Livro de habilidade: Apicultura","","Книга умения: Пчеловодство","Libro abilità: Apicoltura","","","","","","","","","","","","","","",""
"","Beekeeping Skill Scroll","","Parchemin de compétence : Apiculture","Pergamino de habilidad: Apicultura","Fähigkeitsschriftrolle: Bienenzucht","","Pergaminho de habilidade: Apicultura","","Свиток умения: Пчеловодство","Pergamena abilità: Apicoltura","","","","","","","","","","","","","","",""
"","Beekeeping Upgrade","","Amélioration Apiculture","Mejora de Apicultura","Bienenzucht-Aufwertung","","Melhoria de Apicultura","","Улучшение пчеловодства","Miglioramento Apicoltura","","","","","","","","","","","","","","",""
"","Focused Workflow: Beekeeping","","Travail concentré : Apiculture","Flujo de trabajo concentrado: Apicultura","Konzentrierter Workflow: Bienenzucht","","Fluxo de trabalho concentrado: Apicultura","","Концентрированный режим: Пчеловодство","Flusso di lavoro concentrato: Apicoltura","","","","","","","","","","","","","","",""
"","Parallel Processing: Beekeeping","","Traitement parallèle : Apiculture","Procesamiento paralelo: Apicultura","Parallele Verarbeitung: Bienenzucht","","Processamento paralelo: Apicultura","","Параллельная обработка: Пчеловодство","Elaborazione parallela: Apicoltura","","","","","","","","","","","","","","",""
"","Lavish Workspace: Beekeeping","","Espace de travail luxueux : Apiculture","Espacio de trabajo lujoso: Apicultura","Üppiger Arbeitsbereich: Bienenzucht","","Espaço de trabalho luxuoso: Apicultura","","Роскошное рабочее место: Пчеловодство","Area di lavoro lussuosa: Apicoltura","","","","","","","","","","","","","","",""
"","Frugal Workspace: Beekeeping","","Espace de travail frugal : Apiculture","Espacio de trabajo frugal: Apicultura","Sparsamer Arbeitsbereich: Bienenzucht","","Espaço de trabalho frugal: Apicultura","","Экономный рабочий стол: Пчеловодство","Area di lavoro frugale: Apicoltura","","","","","","","","","","","","","","",""
"","A skill for the breeding of bees and honey production. Levels up by crafting related beekeeping recipes.","","Une compétence pour l'élevage des abeilles et la production de miel. Progresse en craftant des recettes d'apiculture.","Una habilidad para la cría de abejas y producción de miel. Sube de nivel fabricando recetas relacionadas.","Eine Fertigkeit für die Bienenzucht und Honigproduktion. Wird durch das Herstellen von Bienenrezepten verbessert.","","Uma habilidade para a criação de abelhas e produção de mel. Sobe de nível criando receitas de apicultura.","","Навык разведения пчёл и производства мёда. Повышается изготовлением соответствующих рецептов.","Un'abilità per l'allevamento delle api e la produzione di miele. Migliora creando ricette di apicoltura.","","","","","","","","","","","","","","",""
"","Specialty upgrade that greatly increases efficiency when crafting Beekeeping recipes.","","Amélioration spécialisée qui augmente grandement l'efficacité lors du craft de recettes d'apiculture.","Mejora especializada que aumenta enormemente la eficiencia al fabricar recetas de Apicultura.","Spezialaufwertung, die die Effizienz bei der Herstellung von Bienenrezepten stark erhöht.","","Melhoria especializada que aumenta muito a eficiência ao criar receitas de Apicultura.","","Специализированное улучшение, значительно повышающее эффективность крафта рецептов пчеловодства.","Miglioramento specializzato che aumenta notevolmente l'efficienza nella creazione di ricette di Apicoltura.","","","","","","","","","","","","","","",""
"","Doubles the speed of related tables when alone.","","Double la vitesse des tables associées quand on est seul.","Duplica la velocidad de las mesas relacionadas cuando se trabaja solo.","Verdoppelt die Geschwindigkeit verwandter Tische bei Alleinarbeit.","","Dobra a velocidade das bancadas relacionadas quando trabalhando sozinho.","","Удваивает скорость связанных верстаков при одиночной работе.","Raddoppia la velocità dei tavoli correlati quando si lavora da soli.","","","","","","","","","","","","","","",""
"","Increases the crafting speed of related tables when they share a room with the same tables by 20 percent.","","Augmente la vitesse de craft des tables associées de 20% quand elles partagent une pièce avec les mêmes tables.","Aumenta la velocidad de fabricación de mesas relacionadas en un 20% cuando comparten habitación.","Erhöht die Herstellungsgeschwindigkeit verwandter Tische um 20%, wenn sie einen Raum mit gleichen Tischen teilen.","","Aumenta a velocidade de criação em 20% quando as bancadas compartilham um cômodo.","","Увеличивает скорость крафта связанных верстаков на 20%, когда они находятся в одной комнате.","Aumenta la velocità di creazione del 20% quando i tavoli condividono una stanza.","","","","","","","","","","","","","","",""
"","Increases the tier requirement of tables by 0.2, but reduces the resources needed by 5 percent.","","Augmente l'exigence de niveau des tables de 0,2, mais réduit les ressources nécessaires de 5%.","Aumenta el requisito de nivel de las mesas en 0,2, pero reduce los recursos necesarios en un 5%.","Erhöht die Stufenanforderung von Tischen um 0,2, reduziert jedoch den Ressourcenbedarf um 5%.","","Aumenta o requisito de nível das bancadas em 0,2, mas reduz os recursos necessários em 5%.","","Увеличивает требования к уровню верстаков на 0,2, но снижает потребность в ресурсах на 5%.","Aumenta il requisito di livello dei tavoli di 0,2, ma riduce le risorse necessarie del 5%.","","","","","","","","","","","","","","",""
"","Lowers the tier requirement of related tables by 0.2","","Réduit l'exigence de niveau des tables associées de 0,2.","Reduce el requisito de nivel de las mesas relacionadas en 0,2.","Senkt die Stufenanforderung verwandter Tische um 0,2.","","Reduz o requisito de nível das bancadas relacionadas em 0,2.","","Снижает требования к уровню связанных верстаков на 0,2.","Abbassa il requisito di livello dei tavoli correlati di 0,2.","","","","","","","","","","","","","","",""
"","Honey","","Miel","Miel","Honig","","Mel","","Мёд","Miele","","","","","","","","","","","","","","",""
"","Sweet honey extracted from bee frames.","","Miel doux extrait des cadres d'abeilles.","Dulce miel extraída de los marcos de abejas.","Süßer Honig, aus Bienenrahmen gewonnen.","","Mel doce extraído dos quadros de abelhas.","","Сладкий мёд, извлечённый из рамок.","Miele dolce estratto dai favi.","","","","","","","","","","","","","","",""
"","Beewax","","Cire d'abeille","Cera de abeja","Bienenwachs","","Cera de abelha","","Пчелиный воск","Cera d'api","","","","","","","","","","","","","","",""
"","Bee wax.","","Cire produite par les abeilles.","Cera producida por las abejas.","Von Bienen produziertes Wachs.","","Cera produzida por abelhas.","","Пчелиный воск.","Cera prodotta dalle api.","","","","","","","","","","","","","","",""
"","Pure Wax","","Cire pure","Cera pura","Reines Wachs","","Cera pura","","Чистый воск","Cera pura","","","","","","","","","","","","","","",""
"","High-quality purified wax, perfect for biodiesel production and advanced cooking recipes.","","Cire purifiée de haute qualité, idéale pour la production de biodiesel et les recettes avancées.","Cera purificada de alta calidad, perfecta para producción de biodiésel y recetas avanzadas.","Hochwertig gereinigtes Wachs, ideal für Biodieselproduktion und fortgeschrittene Rezepte.","","Cera purificada de alta qualidade, perfeita para produção de biodiesel e receitas avançadas.","","Высококачественный очищенный воск, идеальный для производства биодизеля и продвинутых рецептов.","Cera purificata di alta qualità, perfetta per la produzione di biodiesel e ricette avanzate.","","","","","","","","","","","","","","",""
"","Royal Jelly","","Gelée royale","Jalea real","Gelee Royal","","Geleia real","","Маточное молочко","Pappa reale","","","","","","","","","","","","","","",""
"","Premium ingredient made from wax and honey. Used in high-end confectionery and baking recipes.","","Ingrédient premium à base de cire et de miel. Utilisé dans les recettes de pâtisserie haut de gamme.","Ingrediente premium hecho de cera y miel. Usado en recetas de confitería y repostería de alto nivel.","Premium-Zutat aus Wachs und Honig. Wird für hochwertige Süßwaren- und Backrezepte verwendet.","","Ingrediente premium feito de cera e mel. Usado em receitas de confeitaria e panificação de alto nível.","","Первоклассный ингредиент из воска и мёда. Используется в рецептах высококлассной кондитерки и выпечки.","Ingrediente pregiato fatto di cera e miele. Usato in ricette di confetteria e panificazione di alto livello.","","","","","","","","","","","","","","",""
"","Propolis","","Propolis","Propóleo","Propolis","","Própolis","","Прополис","Propoli","","","","","","","","","","","","","","",""
"","Natural bee glue made from tree resins and wax. Used for construction and medicinal purposes.","","Colle d'abeille naturelle à base de résines végétales et de cire. Utilisée pour la construction et à des fins médicinales.","Cola de abeja natural hecha de resinas de árboles y cera. Usada para construcción y fines medicinales.","Natürlicher Bienenleim aus Baumharzen und Wachs. Für Bau- und Heilzwecke genutzt.","","Cola de abelha natural feita de resinas de árvores e cera. Usada para construção e fins medicinais.","","Натуральный пчелиный клей из смол деревьев и воска. Используется в строительстве и медицине.","Colla naturale delle api fatta di resine e cera. Usata per costruzioni e scopi medicinali.","","","","","","","","","","","","","","",""
"","Wax Frame","","Cadre de cire","Marco de cera","Wachsrahmen","","Moldura de cera","","Восковая рамка","Favo di cera","","","","","","","","","","","","","","",""
"","Wax Frame. Contains the wax.","","Cadre de cire. Contient la cire.","Marco de cera. Contiene la cera.","Wachsrahmen. Enthält das Wachs.","","Moldura de cera. Contém a cera.","","Восковая рамка. Содержит воск.","Favo di cera. Contiene la cera.","","","","","","","","","","","","","","",""
"","Wax Frame from Worker Bee","","Cadre de cire (abeille ouvrière)","Marco de cera (abeja obrera)","Wachsrahmen (Arbeitsbiene)","","Moldura de cera (abelha operária)","","Восковая рамка (рабочая пчела)","Favo da ape operaia","","","","","","","","","","","","","","",""
"","Wax Frame from Forager Bee","","Cadre de cire (abeille butineuse)","Marco de cera (abeja recolectora)","Wachsrahmen (Sammelbiene)","","Moldura de cera (abelha coletora)","","Восковая рамка (пчела-сборщица)","Favo da ape raccoglitrice","","","","","","","","","","","","","","",""
"","Wax Frame from Queen Bee","","Cadre de cire (reine des abeilles)","Marco de cera (abeja reina)","Wachsrahmen (Bienenkönigin)","","Moldura de cera (abelha rainha)","","Восковая рамка (матка)","Favo da ape regina","","","","","","","","","","","","","","",""
"","Frame","","Cadre","Marco","Rahmen","","Moldura","","Рамка","Cornice","","","","","","","","","","","","","","",""
"","Frame. To contain the wax.","","Cadre. Pour contenir la cire.","Marco. Para contener la cera.","Rahmen. Um das Wachs aufzunehmen.","","Moldura. Para conter a cera.","","Рамка. Для хранения воска.","Cornice. Per contenere la cera.","","","","","","","","","","","","","","",""
"","Bee Colony Core","","Noyau de colonie d'abeilles","Núcleo de colonia de abejas","Bienenkolonie-Kern","","Núcleo de colônia de abelhas","","Ядро пчелиной колонии","Nucleo di colonia d'api","","","","","","","","","","","","","","",""
"","A small colony of wild bees harvest from wild swarms. Essential to establish and maintain domesticated bee hives.","","Un petit essaim d'abeilles sauvages récolté dans des ruches sauvages. Essentiel pour établir et entretenir des ruches domestiquées.","Una pequeña colonia de abejas silvestres cosechada de enjambres salvajes. Esencial para establecer y mantener colmenas domésticas.","Eine kleine Kolonie wilder Bienen aus wilden Schwärmen. Wesentlich für die Einrichtung und Pflege domestizierter Bienenstöcke.","","Uma pequena colônia de abelhas silvestres coletadas de enxames selvagens. Essencial para estabelecer e manter colmeias domésticas.","","Небольшая колония диких пчёл из диких роёв. Необходима для основания и поддержания домашних ульев.","Una piccola colonia di api selvatiche raccolta da sciami selvatici. Essenziale per stabilire e mantenere alveari domestici.","","","","","","","","","","","","","","",""
"","Bee Pollen","","Pollen d'abeille","Polen de abeja","Bienenstaub","","Pólen de abelha","","Пыльца пчёл","Polline d'api","","","","","","","","","","","","","","",""
"","Natural fertilizer created by bees from plant materials. Rich in nutrients for crops.","","Engrais naturel créé par les abeilles à partir de matériaux végétaux. Riche en nutriments pour les cultures.","Fertilizante natural creado por las abejas de materiales vegetales. Rico en nutrientes para cultivos.","Natürlicher Dünger, von Bienen aus Pflanzenmaterialien hergestellt. Nährstoffreich für Nutzpflanzen.","","Fertilizante natural criado por abelhas de materiais vegetais. Rico em nutrientes para culturas.","","Природное удобрение, производимое пчёлами из растительных материалов. Богато питательными веществами для культур.","Fertilizzante naturale creato dalle api da materiali vegetali. Ricco di nutrienti per le colture.","","","","","","","","","","","","","","",""
"","Forager Bee","","Abeille butineuse","Abeja recolectora","Sammelbiene","","Abelha coletora","","Пчела-сборщица","Ape raccoglitrice","","","","","","","","","","","","","","",""
"","Forager Bees","","Abeilles butineuses","Abejas recolectoras","Sammelbienen","","Abelhas coletoras","","Пчёлы-сборщицы","Api raccoglitrici","","","","","","","","","","","","","","",""
"","An experienced forager bee specialized in gathering resources. Will spoil over time.","","Une abeille butineuse expérimentée, spécialisée dans la collecte de ressources. Se détériore avec le temps.","Una abeja recolectora experimentada especializada en recoger recursos. Se deteriora con el tiempo.","Eine erfahrene Sammelbiene, spezialisiert auf das Sammeln von Ressourcen. Verdirbt mit der Zeit.","","Uma abelha coletora experiente especializada em coletar recursos. Estraga com o tempo.","","Опытная пчела-сборщица, специализирующаяся на сборе ресурсов. Портится со временем.","Un'ape raccoglitrice esperta specializzata nella raccolta di risorse. Si deteriora nel tempo.","","","","","","","","","","","","","","",""
"","Worker Bee","","Abeille ouvrière","Abeja obrera","Arbeitsbiene","","Abelha operária","","Рабочая пчела","Ape operaia","","","","","","","","","","","","","","",""
"","Worker Bees","","Abeilles ouvrières","Abejas obreras","Arbeitsbienen","","Abelhas operárias","","Рабочие пчёлы","Api operaie","","","","","","","","","","","","","","",""
"","A dedicated worker bee that will spoil over time if not properly cared for.","","Une abeille ouvrière dévouée qui se détériore avec le temps si elle n'est pas correctement entretenue.","Una abeja obrera dedicada que se deteriora con el tiempo si no se cuida adecuadamente.","Eine fleißige Arbeitsbiene, die ohne richtige Pflege mit der Zeit verdirbt.","","Uma abelha operária dedicada que estraga com o tempo se não for adequadamente cuidada.","","Преданная рабочая пчела, которая портится со временем без надлежащего ухода.","Un'ape operaia dedicata che si deteriora nel tempo se non adeguatamente curata.","","","","","","","","","","","","","","",""
"","Queen Bee","","Reine des abeilles","Abeja reina","Bienenkönigin","","Abelha rainha","","Пчела-матка","Ape regina","","","","","","","","","","","","","","",""
"","Queen Bees","","Reines des abeilles","Abejas reinas","Bienenköniginnen","","Abelhas rainhas","","Матки пчёл","Api regine","","","","","","","","","","","","","","",""
"","The supreme ruler of the hive. A rare and valuable bee that will spoil over time without proper care.","","La dirigeante suprême de la ruche. Une abeille rare et précieuse qui se détériore avec le temps sans soins appropriés.","La gobernante suprema de la colmena. Una abeja rara y valiosa que se deteriora con el tiempo sin cuidado adecuado.","Die oberste Herrscherin des Stocks. Eine seltene und wertvolle Biene, die ohne Pflege mit der Zeit verdirbt.","","A governante suprema da colmeia. Uma abelha rara e valiosa que estraga com o tempo sem cuidado adequado.","","Верховная правительница улья. Редкая и ценная пчела, которая портится без надлежащего ухода.","La suprema governante dell'alveare. Un'ape rara e preziosa che si deteriora nel tempo senza cure adeguate.","","","","","","","","","","","","","","",""
"","Bee Eggs","","Œufs d'abeille","Huevos de abeja","Bieneneier","","Ovos de abelha","","Яйца пчёл","Uova d'api","","","","","","","","","","","","","","",""
"","Fresh bee eggs that will spoil over time. Found in wild beehives.","","Des œufs d'abeille frais qui se détérioreront avec le temps. Trouvés dans les ruches sauvages.","Huevos de abeja frescos que se deterioran con el tiempo. Se encuentran en colmenas silvestres.","Frische Bieneneier, die mit der Zeit verderben. Werden in wilden Bienenstöcken gefunden.","","Ovos de abelha frescos que estragam com o tempo. Encontrados em colmeias silvestres.","","Свежие яйца пчёл, которые портятся со временем. Находятся в диких ульях.","Uova d'api fresche che si deteriorano nel tempo. Si trovano negli alveari selvatici.","","","","","","","","","","","","","","",""
"","Mechanical Extractor","","Extracteur mécanique","Extractor mecánico","Mechanischer Extraktor","","Extrator mecânico","","Механический экстрактор","Estrattore meccanico","","","","","","","","","","","","","","",""
"","Mechanical Extractor. Filters the honey and makes it ripe","","Extracteur mécanique. Filtre le miel et le fait mûrir.","Extractor mecánico. Filtra la miel y la madura.","Mechanischer Extraktor. Filtert den Honig und lässt ihn reifen.","","Extrator mecânico. Filtra o mel e o amadurece.","","Механический экстрактор. Фильтрует мёд и делает его зрелым.","Estrattore meccanico. Filtra il miele e lo matura.","","","","","","","","","","","","","","",""
"","Empty Pot","","Pot vide","Olla vacía","Leerer Topf","","Pote vazio","","Пустой горшок","Pentola vuota","","","","","","","","","","","","","","",""
"","An Empty pot. Can be used for crafting or as kitchen decoration.","","Un pot vide. Peut être utilisé pour le craft ou comme décoration de cuisine.","Una olla vacía. Puede usarse para fabricar o como decoración de cocina.","Ein leerer Topf. Kann zum Herstellen oder als Küchendekoration verwendet werden.","","Um pote vazio. Pode ser usado para criar itens ou como decoração de cozinha.","","Пустой горшок. Можно использовать для крафта или как кухонное украшение.","Una pentola vuota. Può essere usata per craftare o come decorazione da cucina.","","","","","","","","","","","","","","",""
"","Biodiesel from Wax","","Biodiesel à base de cire","Biodiésel de cera","Biodiesel aus Wachs","","Biodiesel de cera","","Биодизель из воска","Biodiesel dalla cera","","","","","","","","","","","","","","",""
"","Bee Hive","","Ruche","Colmena","Bienenstock","","Colmeia","","Улей","Arnia","","","","","","","","","","","","","","",""
"","BeeHive. Used for breeding queen bees and crafting royal jelly.","","Ruche. Utilisée pour l'élevage des reines et la fabrication de gelée royale.","Colmena. Usada para criar reinas y fabricar jalea real.","Bienenstock. Wird für die Zucht von Königinnen und die Herstellung von Gelée Royal verwendet.","","Colmeia. Usada para criar rainhas e fabricar geleia real.","","Улей. Используется для разведения маток и крафта маточного молочка.","Arnia. Usata per allevare regine e produrre pappa reale.","","","","","","","","","","","","","","",""
"","Small Bee Hive","","Petite ruche","Colmena pequeña","Kleiner Bienenstock","","Colmeia pequena","","Маленький улей","Arnia piccola","","","","","","","","","","","","","","",""
"","Small Bee hive. Basic honey production.","","Petite ruche. Production de miel de base.","Colmena pequeña. Producción básica de miel.","Kleiner Bienenstock. Grundlegende Honigproduktion.","","Colmeia pequena. Produção básica de mel.","","Маленький улей. Базовое производство мёда.","Arnia piccola. Produzione base di miele.","","","","","","","","","","","","","","",""
"","Wax Candle","","Bougie de cire","Vela de cera","Wachskerze","","Vela de cera","","Восковая свеча","Candela di cera","","","","","","","","","","","","","","",""
"","Wax Lumber","","Bois ciré","Madera encerada","Wachsholz","","Madeira encerada","","Восковая древесина","Legno cerato","","","","","","","","","","","","","","",""
"","Stone Vessel","","Vase en pierre","Vasija de piedra","Steingefäß","","Vaso de pedra","","Каменный сосуд","Vaso di pietra","","","","","","","","","","","","","","",""
"","A carved stone vessel. Can be used for crafting or as kitchen decoration.","","Un vase en pierre taillée. Peut être utilisé pour le craft ou comme décoration de cuisine.","Una vasija de piedra tallada. Puede usarse para fabricar o como decoración de cocina.","Ein gemeißeltes Steingefäß. Kann zum Herstellen oder als Küchendekoration verwendet werden.","","Um vaso de pedra esculpida. Pode ser usado para criar itens ou como decoração de cozinha.","","Резной каменный сосуд. Можно использовать для крафта или как кухонное украшение.","Un vaso di pietra scolpita. Può essere usato per craftare o come decorazione da cucina.","","","","","","","","","","","","","","",""
"","Decorative Honey Pot","","Pot à miel décoratif","Tarro de miel decorativo","Dekorativer Honigtopf","","Pote de mel decorativo","","Декоративная медовница","Barattolo di miele decorativo","","","","","","","","","","","","","","",""
"","A beautiful glass pot filled with golden honey. The sweet aroma and warm glow make it perfect for kitchen decoration.","","Un beau pot en verre rempli de miel doré. L'arôme sucré et l'éclat chaleureux en font le décor parfait pour la cuisine.","Un hermoso tarro de cristal lleno de miel dorada. El dulce aroma y el cálido brillo lo hacen perfecto para decorar la cocina.","Ein wunderschöner Glastopf mit goldenem Honig. Das süße Aroma und warme Leuchten machen ihn zur perfekten Küchendekoration.","","Um belo pote de vidro cheio de mel dourado. O doce aroma e o brilho quente o tornam perfeito para decoração de cozinha.","","Красивый стеклянный горшок, наполненный золотым мёдом. Сладкий аромат и тёплое свечение делают его идеальным украшением кухни.","Un bellissimo vaso di vetro pieno di miele dorato. Il dolce aroma e il caldo bagliore lo rendono perfetto per la decorazione della cucina.","","","","","","","","","","","","","","",""
"","Bee Statue","","Statue d'abeille","Estatua de abeja","Bienenstatue","","Estátua de abelha","","Статуя пчелы","Statua d'ape","","","","","","","","","","","","","","",""
"","A beautifully crafted statue of a bee, made with pure wax and natural bee products. A testament to the art of beekeeping.","","Une statue d'abeille magnifiquement sculptée, faite de cire pure et de produits naturels de la ruche. Un témoignage de l'art de l'apiculture.","Una estatua de abeja bellamente elaborada, hecha con cera pura y productos naturales de la colmena. Un testimonio del arte de la apicultura.","Eine wunderschön gefertigte Bienenstatue aus reinem Wachs und natürlichen Bienenprodukten. Ein Zeugnis der Kunst der Bienenzucht.","","Uma estátua de abelha lindamente esculpida, feita com cera pura e produtos naturais das abelhas. Um testemunho da arte da apicultura.","","Прекрасно изготовленная статуя пчелы из чистого воска и натуральных продуктов пчеловодства. Свидетельство искусства пчеловода.","Una statua di ape bellamente lavorata, fatta di cera pura e prodotti naturali dell'alveare. Un testamento all'arte dell'apicoltura.","","","","","","","","","","","","","","",""
"","Small Moai Statue","","Petite statue Moaï","Estatua Moái pequeña","Kleine Moai-Statue","","Estatueta Moai pequena","","Маленькая статуя Моаи","Piccola statua Moai","","","","","","","","","","","","","","",""
"","A small decorative statue inspired by the mysterious Moai of Easter Island, crafted with bee wax and stone.","","Une petite statue décorative inspirée des mystérieux Moaï de l'île de Pâques, confectionnée avec de la cire d'abeille et de la pierre.","Una pequeña estatua decorativa inspirada en los misteriosos Moái de la Isla de Pascua, fabricada con cera de abeja y piedra.","Eine kleine Deko-Statue, inspiriert von den mysteriösen Moai der Osterinsel, aus Bienenwachs und Stein gefertigt.","","Uma pequena estátua decorativa inspirada nos misteriosos Moai da Ilha de Páscoa, confeccionada com cera de abelha e pedra.","","Маленькая декоративная статуя, вдохновлённая загадочными Моаи острова Пасхи, изготовленная из пчелиного воска и камня.","Una piccola statua decorativa ispirata ai misteriosi Moai dell'Isola di Pasqua, realizzata con cera d'api e pietra.","","","","","","","","","","","","","","",""
"","Medium Moai Statue","","Statue Moaï moyenne","Estatua Moái mediana","Mittlere Moai-Statue","","Estatueta Moai média","","Средняя статуя Моаи","Statua Moai media","","","","","","","","","","","","","","",""
"","A medium-sized decorative statue inspired by the mysterious Moai of Easter Island, crafted with premium bee wax and stone.","","Une statue décorative de taille moyenne inspirée des mystérieux Moaï de l'île de Pâques, confectionnée avec de la cire d'abeille premium et de la pierre.","Una estatua decorativa de tamaño mediano inspirada en los misteriosos Moái de la Isla de Pascua, fabricada con cera de abeja premium y piedra.","Eine mittelgroße Deko-Statue, inspiriert von den mysteriösen Moai der Osterinsel, aus erstklassigem Bienenwachs und Stein.","","Uma estátua decorativa de tamanho médio inspirada nos misteriosos Moai da Ilha de Páscoa, confeccionada com cera de abelha premium e pedra.","","Средняя декоративная статуя, вдохновлённая загадочными Моаи острова Пасхи, из качественного пчелиного воска и камня.","Una statua decorativa di medie dimensioni ispirata ai misteriosi Moai dell'Isola di Pasqua, realizzata con cera d'api pregiata e pietra.","","","","","","","","","","","","","","",""
"","Big Moai Statue","","Grande statue Moaï","Estatua Moái grande","Große Moai-Statue","","Estatueta Moai grande","","Большая статуя Моаи","Grande statua Moai","","","","","","","","","","","","","","",""
"","A massive decorative statue inspired by the mysterious Moai of Easter Island, requiring master beekeeping skills and premium materials.","","Une massive statue décorative inspirée des mystérieux Moaï de l'île de Pâques, nécessitant des compétences apicoles de maître et des matériaux premium.","Una estatua decorativa masiva inspirada en los misteriosos Moái de la Isla de Pascua, que requiere habilidades maestras de apicultura y materiales premium.","Eine riesige Deko-Statue, inspiriert von den mysteriösen Moai der Osterinsel. Erfordert Meister-Bienenzuchtfähigkeiten und hochwertige Materialien.","","Uma estátua decorativa massiva inspirada nos misteriosos Moai da Ilha de Páscoa, exigindo habilidades de mestre em apicultura e materiais premium.","","Массивная декоративная статуя, вдохновлённая загадочными Моаи острова Пасхи. Требует мастерства пчеловодства и первоклассных материалов.","Una massiccia statua decorativa ispirata ai misteriosi Moai dell'Isola di Pasqua, richiedente abilità master di apicoltura e materiali pregiati.","","","","","","","","","","","","","","",""
"","Honeycomb Shelf","","Étagère nid d'abeille","Estante de panal","Bienenwaben-Regal","","Prateleira em favo de mel","","Полка-соты","Scaffale a nido d'ape","","","","","","","","","","","","","","",""
"","A wooden shelf displaying beautiful golden honeycombs. Perfect for showing off your beekeeping achievements.","","Une étagère en bois présentant de beaux rayons de miel dorés. Parfaite pour montrer vos réalisations apicoles.","Un estante de madera que muestra hermosos panales dorados. Perfecto para mostrar tus logros apícolas.","Ein Holzregal mit wunderschönen goldenen Bienenwaben. Perfekt um deine Bienenzucht-Erfolge zu präsentieren.","","Uma prateleira de madeira exibindo belos favos de mel dourados. Perfeita para mostrar suas conquistas de apicultura.","","Деревянная полка с прекрасными золотыми сотами. Идеально подходит для демонстрации ваших успехов в пчеловодстве.","Uno scaffale di legno con bellissimi favi dorati. Perfetto per mostrare i tuoi risultati nell'apicoltura.","","","","","","","","","","","","","","",""
"","Honeycomb Shelf 1","","Étagère nid d'abeille 1","Estante de panal 1","Bienenwaben-Regal 1","","Prateleira em favo de mel 1","","Полка-соты 1","Scaffale a nido d'ape 1","","","","","","","","","","","","","","",""
"","A small wooden shelf with 1 hexagonal compartment, displaying a golden honeycomb.","","Une petite étagère en bois avec 1 compartiment hexagonal affichant un rayon de miel doré.","Un pequeño estante de madera con 1 compartimento hexagonal que muestra un panal dorado.","Ein kleines Holzregal mit 1 sechseckigem Fach, das eine goldene Bienenwabe zeigt.","","Uma pequena prateleira de madeira com 1 compartimento hexagonal exibindo um favo de mel dourado.","","Маленькая деревянная полка с 1 шестиугольным отсеком, отображающим золотые соты.","Un piccolo scaffale di legno con 1 scomparto esagonale che mostra un favo dorato.","","","","","","","","","","","","","","",""
"","Honeycomb Shelf 2 Left","","Étagère nid d'abeille 2 gauche","Estante de panal 2 izquierda","Bienenwaben-Regal 2 Links","","Prateleira em favo de mel 2 esquerda","","Полка-соты 2 слева","Scaffale a nido d'ape 2 sinistra","","","","","","","","","","","","","","",""
"","A compact wooden shelf with 2 hexagonal compartments on the left, displaying golden honeycombs.","","Une étagère en bois compacte avec 2 compartiments hexagonaux à gauche affichant des rayons de miel dorés.","Un estante de madera compacto con 2 compartimentos hexagonales a la izquierda que muestran panales dorados.","Ein kompaktes Holzregal mit 2 sechseckigen Fächern links, die goldene Bienenwaben zeigen.","","Uma prateleira de madeira compacta com 2 compartimentos hexagonais à esquerda exibindo favos de mel dourados.","","Компактная деревянная полка с 2 шестиугольными отсеками слева, отображающими золотые соты.","Uno scaffale di legno compatto con 2 scomparti esagonali a sinistra che mostrano favi dorati.","","","","","","","","","","","","","","",""
"","Honeycomb Shelf 2 Right","","Étagère nid d'abeille 2 droite","Estante de panal 2 derecha","Bienenwaben-Regal 2 Rechts","","Prateleira em favo de mel 2 direita","","Полка-соты 2 справа","Scaffale a nido d'ape 2 destra","","","","","","","","","","","","","","",""
"","A compact wooden shelf with 2 hexagonal compartments on the right, displaying golden honeycombs.","","Une étagère en bois compacte avec 2 compartiments hexagonaux à droite affichant des rayons de miel dorés.","Un estante de madera compacto con 2 compartimentos hexagonales a la derecha que muestran panales dorados.","Ein kompaktes Holzregal mit 2 sechseckigen Fächern rechts, die goldene Bienenwaben zeigen.","","Uma prateleira de madeira compacta com 2 compartimentos hexagonais à direita exibindo favos de mel dourados.","","Компактная деревянная полка с 2 шестиугольными отсеками справа, отображающими золотые соты.","Uno scaffale di legno compatto con 2 scomparti esagonali a destra che mostrano favi dorati.","","","","","","","","","","","","","","",""
"","Honeycomb Shelf 3 Left","","Étagère nid d'abeille 3 gauche","Estante de panal 3 izquierda","Bienenwaben-Regal 3 Links","","Prateleira em favo de mel 3 esquerda","","Полка-соты 3 слева","Scaffale a nido d'ape 3 sinistra","","","","","","","","","","","","","","",""
"","A wooden shelf with 3 hexagonal compartments on the left, displaying golden honeycombs.","","Une étagère en bois avec 3 compartiments hexagonaux à gauche affichant des rayons de miel dorés.","Un estante de madera con 3 compartimentos hexagonales a la izquierda que muestran panales dorados.","Ein Holzregal mit 3 sechseckigen Fächern links, die goldene Bienenwaben zeigen.","","Uma prateleira de madeira com 3 compartimentos hexagonais à esquerda exibindo favos de mel dourados.","","Деревянная полка с 3 шестиугольными отсеками слева, отображающими золотые соты.","Uno scaffale di legno con 3 scomparti esagonali a sinistra che mostrano favi dorati.","","","","","","","","","","","","","","",""
"","Honeycomb Shelf Dark","","Étagère nid d'abeille sombre","Estante de panal oscuro","Dunkles Bienenwaben-Regal","","Prateleira em favo de mel escura","","Тёмная полка-соты","Scaffale a nido d'ape scuro","","","","","","","","","","","","","","",""
"","A dark wood shelf displaying beautiful golden honeycombs. Perfect for showing off your beekeeping achievements.","","Une étagère en bois sombre présentant de beaux rayons de miel dorés. Parfaite pour montrer vos réalisations apicoles.","Un estante de madera oscura que muestra hermosos panales dorados. Perfecto para mostrar tus logros apícolas.","Ein dunkles Holzregal mit wunderschönen goldenen Bienenwaben. Perfekt um deine Bienenzucht-Erfolge zu präsentieren.","","Uma prateleira de madeira escura exibindo belos favos de mel dourados. Perfeita para mostrar suas conquistas de apicultura.","","Тёмная деревянная полка с прекрасными золотыми сотами. Идеально для демонстрации ваших успехов в пчеловодстве.","Uno scaffale di legno scuro con bellissimi favi dorati. Perfetto per mostrare i tuoi risultati nell'apicoltura.","","","","","","","","","","","","","","",""
"","Honeycomb Shelf 1 Dark","","Étagère nid d'abeille 1 sombre","Estante de panal 1 oscuro","Dunkles Bienenwaben-Regal 1","","Prateleira em favo de mel 1 escura","","Тёмная полка-соты 1","Scaffale a nido d'ape 1 scuro","","","","","","","","","","","","","","",""
"","A small dark wood shelf with 1 hexagonal compartment, displaying a golden honeycomb.","","Une petite étagère en bois sombre avec 1 compartiment hexagonal affichant un rayon de miel doré.","Un pequeño estante de madera oscura con 1 compartimento hexagonal que muestra un panal dorado.","Ein kleines dunkles Holzregal mit 1 sechseckigem Fach, das eine goldene Bienenwabe zeigt.","","Uma pequena prateleira de madeira escura com 1 compartimento hexagonal exibindo um favo de mel dourado.","","Маленькая тёмная деревянная полка с 1 шестиугольным отсеком, отображающим золотые соты.","Un piccolo scaffale di legno scuro con 1 scomparto esagonale che mostra un favo dorato.","","","","","","","","","","","","","","",""
"","Honeycomb Shelf 2 Left Dark","","Étagère nid d'abeille 2 gauche sombre","Estante de panal 2 izquierda oscuro","Dunkles Bienenwaben-Regal 2 Links","","Prateleira em favo de mel 2 esquerda escura","","Тёмная полка-соты 2 слева","Scaffale a nido d'ape 2 sinistra scuro","","","","","","","","","","","","","","",""
"","A compact dark wood shelf with 2 hexagonal compartments on the left, displaying golden honeycombs.","","Une étagère en bois sombre compacte avec 2 compartiments hexagonaux à gauche affichant des rayons de miel dorés.","Un estante de madera oscura compacto con 2 compartimentos hexagonales a la izquierda que muestran panales dorados.","Ein kompaktes dunkles Holzregal mit 2 sechseckigen Fächern links, die goldene Bienenwaben zeigen.","","Uma prateleira de madeira escura compacta com 2 compartimentos hexagonais à esquerda exibindo favos de mel dourados.","","Компактная тёмная деревянная полка с 2 шестиугольными отсеками слева.","Uno scaffale di legno scuro compatto con 2 scomparti esagonali a sinistra che mostrano favi dorati.","","","","","","","","","","","","","","",""
"","Honeycomb Shelf 2 Right Dark","","Étagère nid d'abeille 2 droite sombre","Estante de panal 2 derecha oscuro","Dunkles Bienenwaben-Regal 2 Rechts","","Prateleira em favo de mel 2 direita escura","","Тёмная полка-соты 2 справа","Scaffale a nido d'ape 2 destra scuro","","","","","","","","","","","","","","",""
"","A compact dark wood shelf with 2 hexagonal compartments on the right, displaying golden honeycombs.","","Une étagère en bois sombre compacte avec 2 compartiments hexagonaux à droite affichant des rayons de miel dorés.","Un estante de madera oscura compacto con 2 compartimentos hexagonales a la derecha que muestran panales dorados.","Ein kompaktes dunkles Holzregal mit 2 sechseckigen Fächern rechts, die goldene Bienenwaben zeigen.","","Uma prateleira de madeira escura compacta com 2 compartimentos hexagonais à direita exibindo favos de mel dourados.","","Компактная тёмная деревянная полка с 2 шестиугольными отсеками справа.","Uno scaffale di legno scuro compatto con 2 scomparti esagonali a destra che mostrano favi dorati.","","","","","","","","","","","","","","",""
"","Honeycomb Shelf 3 Left Dark","","Étagère nid d'abeille 3 gauche sombre","Estante de panal 3 izquierda oscuro","Dunkles Bienenwaben-Regal 3 Links","","Prateleira em favo de mel 3 esquerda escura","","Тёмная полка-соты 3 слева","Scaffale a nido d'ape 3 sinistra scuro","","","","","","","","","","","","","","",""
"","A dark wood shelf with 3 hexagonal compartments on the left, displaying golden honeycombs.","","Une étagère en bois sombre avec 3 compartiments hexagonaux à gauche affichant des rayons de miel dorés.","Un estante de madera oscura con 3 compartimentos hexagonales a la izquierda que muestran panales dorados.","Ein dunkles Holzregal mit 3 sechseckigen Fächern links, die goldene Bienenwaben zeigen.","","Uma prateleira de madeira escura com 3 compartimentos hexagonais à esquerda exibindo favos de mel dourados.","","Тёмная деревянная полка с 3 шестиугольными отсеками слева.","Uno scaffale di legno scuro con 3 scomparti esagonali a sinistra che mostrano favi dorati.","","","","","","","","","","","","","","",""
"","Vacant Swarm","","Essaim vacant","Enjambre vacío","Leerer Schwarm","","Enxame vazio","","Пустой рой","Sciame vacante","","","","","","","","","","","","","","",""
"","Vacant Swarm. E to remove.","","Essaim vacant. Appuyez sur E pour retirer.","Enjambre vacío. E para retirar.","Leerer Schwarm. E zum Entfernen.","","Enxame vazio. E para remover.","","Пустой рой. E для удаления.","Sciame vacante. E per rimuovere.","","","","","","","","","","","","","","",""
"","Occupied Swarm","","Essaim occupé","Enjambre ocupado","Besetzter Schwarm","","Enxame ocupado","","Занятый рой","Sciame occupato","","","","","","","","","","","","","","",""
"","Occupied Swarm. Contains bee eggs and resources.","","Essaim occupé. Contient des œufs d'abeille et des ressources.","Enjambre ocupado. Contiene huevos de abeja y recursos.","Besetzter Schwarm. Enthält Bieneneier und Ressourcen.","","Enxame ocupado. Contém ovos de abelha e recursos.","","Занятый рой. Содержит яйца пчёл и ресурсы.","Sciame occupato. Contiene uova d'api e risorse.","","","","","","","","","","","","","","",""
"","Honey (Stone Vessel)","","Miel (vase en pierre)","Miel (vasija de piedra)","Honig (Steingefäß)","","Mel (vaso de pedra)","","Мёд (каменный сосуд)","Miele (vaso di pietra)","","","","","","","","","","","","","","",""
"","Honey Sugar","","Sucre de miel","Azúcar de miel","Honigzucker","","Açúcar de mel","","Медовый сахар","Zucchero di miele","","","","","","","","","","","","","","",""
"","Simple Syrup from Honey","","Sirop simple au miel","Almíbar simple de miel","Einfacher Sirup aus Honig","","Xarope simples de mel","","Простой сироп из мёда","Sciroppo semplice dal miele","","","","","","","","","","","","","","",""
"","Herbal Honey Tea","","Tisane au miel","Té de hierbas con miel","Kräuter-Honigtee","","Chá de ervas com mel","","Травяной чай с мёдом","Tè alle erbe e miele","","","","","","","","","","","","","","",""
"","A soothing herbal tea made with honey, huckleberries, and fireweed. Provides calories and vitamins boost.","","Une tisane apaisante au miel, aux myrtilles et à l'épilobe. Fournit des calories et un boost de vitamines.","Un té de hierbas reconfortante hecho con miel, arándanos y epilobio. Proporciona calorías y vitaminas.","Ein beruhigender Kräutertee aus Honig, Heidelbeeren und Weidenröschen. Liefert Kalorien und einen Vitaminschub.","","Um chá de ervas calmante feito com mel, mirtilos e epilóbio. Fornece calorias e vitaminas.","","Успокаивающий травяной чай из мёда, черники и иван-чая. Даёт калории и витаминный бонус.","Un tè alle erbe rilassante fatto con miele, mirtilli e epilobio. Fornisce calorie e un aumento di vitamine.","","","","","","","","","","","","","","",""
"","Mead","","Hydromel","Hidromiel","Met","","Hidromel","","Медовуха","Idromele","","","","","","","","","","","","","","",""
"","A traditional fermented alcoholic beverage made from honey. Sweet and potent.","","Une boisson alcoolisée fermentée traditionnelle à base de miel. Sucrée et puissante.","Una bebida alcohólica fermentada tradicional hecha de miel. Dulce y potente.","Ein traditionelles fermentiertes alkoholisches Getränk aus Honig. Süß und potent.","","Uma bebida alcoólica fermentada tradicional feita de mel. Doce e potente.","","Традиционный ферментированный алкогольный напиток из мёда. Сладкий и крепкий.","Una tradizionale bevanda alcolica fermentata a base di miele. Dolce e potente.","","","","","","","","","","","","","","",""
"","Honey Beer","","Bière au miel","Cerveza de miel","Honigbier","","Cerveja de mel","","Медовое пиво","Birra al miele","","","","","","","","","","","","","","",""
"","A sweet, fermented beverage made with honey and grain. Alternative brewing method to traditional beer.","","Une boisson fermentée sucrée à base de miel et de céréales. Méthode alternative au brassage traditionnel.","Una bebida fermentada dulce hecha con miel y grano. Método alternativo de elaboración de cerveza.","Ein süßes, fermentiertes Getränk aus Honig und Getreide. Alternative Braumethode zum traditionellen Bier.","","Uma bebida fermentada doce feita com mel e grãos. Método alternativo de fabricação de cerveja.","","Сладкий ферментированный напиток из мёда и зерна. Альтернативный метод пивоварения.","Una bevanda fermentata dolce fatta con miele e grano. Metodo di fermentazione alternativo alla birra tradizionale.","","","","","","","","","","","","","","",""
"","Honey Bread","","Pain au miel","Pan de miel","Honigbrot","","Pão de mel","","Медовый хлеб","Pane al miele","","","","","","","","","","","","","","",""
"","Sweet bread made with honey, providing enhanced carbohydrates and vitamins compared to regular bread.","","Pain sucré fait au miel, offrant plus de glucides et de vitamines que le pain ordinaire.","Pan dulce hecho con miel, que proporciona más carbohidratos y vitaminas que el pan normal.","Süßes Brot mit Honig, das im Vergleich zu normalem Brot mehr Kohlenhydrate und Vitamine liefert.","","Pão doce feito com mel, fornecendo mais carboidratos e vitaminas do que o pão normal.","","Сладкий хлеб с мёдом, обеспечивающий больше углеводов и витаминов, чем обычный хлеб.","Pane dolce fatto con miele, che fornisce più carboidrati e vitamine rispetto al pane normale.","","","","","","","","","","","","","","",""
"","Honey Wheat Rolls","","Petits pains au blé et au miel","Bollos de trigo con miel","Honig-Weizenbrötchen","","Pãozinhos de trigo com mel","","Медовые пшеничные булочки","Panini al grano e miele","","","","","","","","","","","","","","",""
"","Portable wheat rolls sweetened with honey. Perfect for travel and outdoor work.","","Des petits pains au blé sucrés au miel, portables. Parfaits pour les voyages et le travail en extérieur.","Bollos de trigo portátiles endulzados con miel. Perfectos para viajes y trabajo al aire libre.","Portable Weizenbrötchen mit Honig gesüßt. Perfekt für Reisen und Außenarbeit.","","Pãozinhos de trigo portáteis adoçados com mel. Perfeitos para viagens e trabalho ao ar livre.","","Портативные пшеничные булочки, подслащённые мёдом. Идеально для путешествий и работы на улице.","Panini di grano portatili addolciti con miele. Perfetti per i viaggi e il lavoro all'aperto.","","","","","","","","","","","","","","",""
"","Honey Pastries","","Pâtisseries au miel","Pasteles de miel","Honiggebäck","","Pastéis de mel","","Медовая выпечка","Paste al miele","","","","","","","","","","","","","","",""
"","Flaky pastries made with honey, flour, and tallow. Rich and satisfying treats.","","Des pâtisseries feuilletées à base de miel, de farine et de suif. Des gourmandises riches et satisfaisantes.","Pasteles hojaldrados hechos con miel, harina y sebo. Golosinas ricas y satisfactorias.","Blätterteiggebäck aus Honig, Mehl und Talg. Reichhaltige und sättigende Leckereien.","","Pastéis folhados feitos com mel, farinha e sebo. Guloseimas ricas e satisfatórias.","","Слоёная выпечка из мёда, муки и жира. Сытное и вкусное угощение.","Paste sfoglia fatte con miele, farina e sego. Dolcetti ricchi e soddisfacenti.","","","","","","","","","","","","","","",""
"","Honey Bean Cake","","Gâteau aux haricots et au miel","Pastel de frijoles y miel","Honigbohnenkuchen","","Bolo de feijão e mel","","Медово-бобовый кекс","Torta di fagioli e miele","","","","","","","","","","","","","","",""
"","A nutritious cake combining honey sweetness with protein-rich beans. Perfect balance of protein and carbohydrates.","","Un gâteau nutritif associant la douceur du miel à la richesse en protéines des haricots. Parfait équilibre protéines-glucides.","Un pastel nutritivo que combina la dulzura de la miel con frijoles ricos en proteínas. Equilibrio perfecto de proteínas y carbohidratos.","Ein nahrhafter Kuchen, der Honigsüße mit proteireichen Bohnen vereint. Perfekte Balance aus Protein und Kohlenhydraten.","","Um bolo nutritivo combinando a doçura do mel com feijões ricos em proteínas. Equilíbrio perfeito de proteínas e carboidratos.","","Питательный кекс, сочетающий сладость мёда с богатыми белком бобами. Идеальный баланс белков и углеводов.","Una torta nutriente che combina la dolcezza del miele con i fagioli ricchi di proteine. Perfetto equilibrio di proteine e carboidrati.","","","","","","","","","","","","","","",""
"","Hard Honey Candy","","Bonbon dur au miel","Caramelo duro de miel","Hartes Honigbonbon","","Bala dura de mel","","Твёрдая медовая конфета","Caramella dura al miele","","","","","","","","","","","","","","",""
"","Long-lasting hard candy made with honey and sugar. Perfect energy snack for extended work periods.","","Bonbon dur longue durée à base de miel et de sucre. Collation énergétique parfaite pour les longues sessions de travail.","Caramelo duro duradero hecho con miel y azúcar. Tentempié energético perfecto para largos períodos de trabajo.","Langlebiges Hartbonbon aus Honig und Zucker. Perfekter Energiesnack für lange Arbeitsphasen.","","Bala dura de longa duração feita com mel e açúcar. Lanche energético perfeito para longos períodos de trabalho.","","Долгоиграющие твёрдые конфеты из мёда и сахара. Идеальный энергетический перекус для долгих рабочих сессий.","Caramella dura a lunga durata fatta con miele e zucchero. Spuntino energetico perfetto per i lunghi periodi di lavoro.","","","","","","","","","","","","","","",""
"","Hard Honey Candies","","Bonbons durs au miel","Caramelos duros de miel","Harte Honigbonbons","","Balas duras de mel","","Твёрдые медовые конфеты","Caramelle dure al miele","","","","","","","","","","","","","","",""
"","Honeycomb Candy","","Bonbon en rayon de miel","Caramelo de panal","Waben-Bonbon","","Bala em favo de mel","","Конфета-соты","Caramella a nido d'ape","","","","","","","","","","","","","","",""
"","Edible wax treat made from beeswax and honey. A unique confection that mimics natural honeycomb.","","Friandise à base de cire d'abeille et de miel. Une confiserie unique imitant les rayons de miel naturels.","Golosina de cera comestible hecha de cera de abeja y miel. Una confección única que imita el panal natural.","Essbares Wachsgebäck aus Bienenwachs und Honig. Eine einzigartige Süßigkeit, die natürliche Bienenwaben nachahmt.","","Guloseima de cera comestível feita de cera de abelha e mel. Uma confeção única que imita o favo natural.","","Съедобное восковое лакомство из пчелиного воска и мёда. Уникальная конфета, имитирующая природные соты.","Un dolcetto di cera commestibile fatto con cera d'api e miele. Una confezione unica che imita il favo naturale.","","","","","","","","","","","","","","",""
"","Honeycomb Candies","","Bonbons en rayon de miel","Caramelos de panal","Waben-Bonbons","","Balas em favo de mel","","Конфеты-соты","Caramelle a nido d'ape","","","","","","","","","","","","","","",""
"","Berry Honey Cake","","Gâteau aux baies et au miel","Pastel de bayas y miel","Beeren-Honigkuchen","","Bolo de frutas vermelhas com mel","","Медовый ягодный торт","Torta di frutti di bosco e miele","","","","","","","","","","","","","","",""
"","A delicious cake made with honey, flour, and fresh berries. Provides balanced nutrition with natural sweetness.","","Un délicieux gâteau à base de miel, de farine et de baies fraîches. Offre une nutrition équilibrée avec une douceur naturelle.","Un delicioso pastel hecho con miel, harina y bayas frescas. Proporciona nutrición equilibrada con dulzura natural.","Ein köstlicher Kuchen aus Honig, Mehl und frischen Beeren. Bietet ausgewogene Ernährung mit natürlicher Süße.","","Um bolo delicioso feito com mel, farinha e frutas vermelhas frescas. Fornece nutrição equilibrada com doçura natural.","","Вкусный торт из мёда, муки и свежих ягод. Обеспечивает сбалансированное питание с натуральной сладостью.","Una torta deliziosa fatta con miele, farina e frutti di bosco freschi. Fornisce nutrizione equilibrata con dolcezza naturale.","","","","","","","","","","","","","","",""
"","Berry Honey Cakes","","Gâteaux aux baies et au miel","Pasteles de bayas y miel","Beeren-Honigkuchen","","Bolos de frutas vermelhas com mel","","Медовые ягодные торты","Torte di frutti di bosco e miele","","","","","","","","","","","","","","",""
"","Candied Fruit","","Fruits confits","Fruta confitada","Kandierte Früchte","","Frutas cristalizadas","","Цукаты","Frutta candita","","","","","","","","","","","","","","",""
"","Fruit preserved in honey, providing long-lasting sweetness and vitamins. Extended shelf life compared to fresh fruit.","","Fruit conservé dans le miel, offrant une douceur durable et des vitamines. Durée de conservation prolongée par rapport aux fruits frais.","Fruta conservada en miel, que proporciona dulzura duradera y vitaminas. Mayor vida útil comparada con la fruta fresca.","In Honig eingelegte Früchte mit anhaltender Süße und Vitaminen. Längere Haltbarkeit als frische Früchte.","","Fruta conservada em mel, fornecendo doçura duradoura e vitaminas. Vida útil estendida em comparação com frutas frescas.","","Фрукты, консервированные в мёде, дающие длительную сладость и витамины. Срок хранения дольше, чем у свежих фруктов.","Frutta conservata nel miele, che fornisce dolcezza duratura e vitamine. Shelf life più lunga rispetto alla frutta fresca.","","","","","","","","","","","","","","",""
"","Madeleine","","Madeleine","Magdalena","Madeleine","","Madeleine","","Мадлен","Madeleine","","","","","","","","","","","","","","",""
"","Madeleines","","Madeleines","Magdalenas","Madeleines","","Madeleines","","Мадлены","Madeleines","","","","","","","","","","","","","","",""
"","A French pastry.","","Une pâtisserie française.","Un pastel francés.","Ein französisches Gebäck.","","Um pastel francês.","","Французское пирожное.","Un pasticcino francese.","","","","","","","","","","","","","","",""
"","Pancake","","Crêpe","Tortita","Pfannkuchen","","Panqueca","","Блинчик","Frittella","","","","","","","","","","","","","","",""
"","Pancakes","","Crêpes","Tortitas","Pfannkuchen","","Panquecas","","Блинчики","Frittelle","","","","","","","","","","","","","","",""
"","Breakfast only.","","Pour le petit-déjeuner uniquement.","Solo para el desayuno.","Nur zum Frühstück.","","Somente para o café da manhã.","","Только на завтрак.","Solo per colazione.","","","","","","","","","","","","","","",""
"","Gingerbread","","Pain d'épices","Pan de jengibre","Lebkuchen","","Pão de gengibre","","Пряник","Pan di zenzero","","","","","","","","","","","","","","",""
"","Gingerbreads","","Pains d'épices","Panes de jengibre","Lebkuchen","","Pães de gengibre","","Пряники","Pan di zenzero","","","","","","","","","","","","","","",""
"","Tight and melting.","","Dense et fondant.","Denso y fundente.","Kompakt und schmelzend.","","Denso e derretendo.","","Плотный и тающий.","Denso e fondente.","","","","","","","","","","","","","","",""
"","Fruit Cake","","Cake aux fruits","Pastel de frutas","Früchtekuchen","","Bolo de frutas","","Кекс с фруктами","Torta di frutta","","","","","","","","","","","","","","",""
"","Fruit Cakes","","Cakes aux fruits","Pasteles de frutas","Früchtekuchen","","Bolos de frutas","","Кексы с фруктами","Torte di frutta","","","","","","","","","","","","","","",""
"","Happy Birthday!","","Bon anniversaire !","¡Feliz cumpleaños!","Alles Gute zum Geburtstag!","","Feliz aniversário!","","С днём рождения!","Buon compleanno!","","","","","","","","","","","","","","",""
"","Marshmallow","","Guimauve","Malvavisco","Marshmallow","","Marshmallow","","Зефир","Marshmallow","","","","","","","","","","","","","","",""
"","Marshmallows","","Guimauves","Malvaviscos","Marshmallows","","Marshmallows","","Зефиры","Marshmallows","","","","","","","","","","","","","","",""
"","The best food to share around a wood fire.","","Le meilleur aliment à partager autour d'un feu de bois.","La mejor comida para compartir alrededor de una hoguera.","Das beste Essen zum Teilen um ein Lagerfeuer.","","O melhor alimento para compartilhar ao redor de uma fogueira.","","Лучшая еда для дружеских посиделок у костра.","Il miglior cibo da condividere attorno a un fuoco di legna.","","","","","","","","","","","","","","",""
"","Honey Glazed Mushrooms","","Champignons glacés au miel","Champiñones glaseados con miel","Honigglasierte Pilze","","Cogumelos glaceados com mel","","Грибы в медовой глазури","Funghi glassati al miele","","","","","","","","","","","","","","",""
"","Fresh mushrooms glazed with honey, creating a sweet and earthy flavor combination.","","Des champignons frais glacés au miel, créant une combinaison de saveurs sucrées et terreuses.","Champiñones frescos glaseados con miel, creando una combinación de sabores dulces y terrosos.","Frische Pilze mit Honig glasiert, was eine süße und erdige Geschmackskombination erzeugt.","","Cogumelos frescos glaceados com mel, criando uma combinação de sabores doces e terrosos.","","Свежие грибы, глазированные мёдом, создающие сочетание сладкого и земного вкуса.","Funghi freschi glassati con miele, che creano una combinazione di sapori dolci e terrosi.","","","","","","","","","","","","","","",""
"","Honey Glazed Mushrooms","","Champignons glacés au miel","Champiñones glaseados con miel","Honigglasierte Pilze","","Cogumelos glaceados com mel","","Грибы в медовой глазури","Funghi glassati al miele","","","","","","","","","","","","","","",""
"","Honey Glazed Vegetables","","Légumes glacés au miel","Verduras glaseadas con miel","Honigglasiertes Gemüse","","Legumes glaceados com mel","","Овощи в медовой глазури","Verdure glassate al miele","","","","","","","","","","","","","","",""
"","Fresh vegetables glazed with honey, providing enhanced vitamins and natural sweetness.","","Des légumes frais glacés au miel, offrant des vitamines améliorées et une douceur naturelle.","Verduras frescas glaseadas con miel, que proporcionan vitaminas mejoradas y dulzura natural.","Frisches Gemüse mit Honig glasiert, das verbesserte Vitamine und natürliche Süße bietet.","","Legumes frescos glaceados com mel, fornecendo vitaminas aprimoradas e doçura natural.","","Свежие овощи, глазированные мёдом, с повышенным содержанием витаминов и натуральной сладостью.","Verdure fresche glassate con miele, che forniscono vitamine migliorate e dolcezza naturale.","","","","","","","","","","","","","","",""
"","Honey Roast","","Rôti au miel","Asado al miel","Honigbraten","","Assado ao mel","","Медовое жаркое","Arrosto al miele","","","","","","","","","","","","","","",""
"","Honey Roasts","","Rôtis au miel","Asados al miel","Honigbraten","","Assados ao mel","","Медовые жаркие","Arrosti al miele","","","","","","","","","","","","","","",""
"","A melting meat thanks to its honey...","","Une viande fondante grâce à son miel...","Una carne derretida gracias a su miel...","Ein schmelzendes Fleisch dank seines Honigs...","","Uma carne derretendo graças ao seu mel...","","Тающее мясо благодаря мёду...","Una carne che si scioglie grazie al suo miele...","","","","","","","","","","","","","","",""
"","Sweet Charred Fish","","Poisson grillé sucré","Pescado asado dulce","Süßer Grilllfisch","","Peixe grelhado adocicado","","Сладкая жареная рыба","Pesce bruciato dolce","","","","","","","","","","","","","","",""
"","Charred fish glazed with honey, providing enhanced protein with a sweet smoky flavor.","","Poisson grillé et glacé au miel, offrant des protéines améliorées avec une saveur sucrée et fumée.","Pescado asado y glaseado con miel, que proporciona proteínas mejoradas con un sabor dulce y ahumado.","Mit Honig glasierter Grilllfisch mit erhöhtem Proteingehalt und süßem, rauchigem Geschmack.","","Peixe grelhado glaceado com mel, fornecendo proteínas aprimoradas com um sabor doce e defumado.","","Жареная рыба в медовой глазури с повышенным содержанием белка и сладко-дымным вкусом.","Pesce bruciato glassato con miele, che fornisce proteine potenziate con un sapore dolce e affumicato.","","","","","","","","","","","","","","",""
"","Sweet Charred Meat","","Viande grillée sucrée","Carne asada dulce","Süßes Grillhfleisch","","Carne grelhada adocicada","","Сладкое жареное мясо","Carne bruciata dolce","","","","","","","","","","","","","","",""
"","Simple charred meat sweetened with honey. Basic but satisfying campfire cooking.","","Viande grillée simple sucrée au miel. Cuisine de feu de camp basique mais satisfaisante.","Carne asada simple endulzada con miel. Cocina de fogata básica pero satisfactoria.","Einfaches Grillhfleisch mit Honig gesüßt. Schlichte, aber zufriedenstellende Lagerfeuerküche.","","Carne grelhada simples adoçada com mel. Culinária de fogueira básica mas satisfatória.","","Простое жареное мясо, подслащённое мёдом. Несложная, но сытная готовка у костра.","Carne semplice bruciata addolcita con miele. Cucina da campeggio semplice ma soddisfacente.","","","","","","","","","","","","","","",""
"","Honey Vinegar","","Vinaigre de miel","Vinagre de miel","Honigessig","","Vinagre de mel","","Медовый уксус","Aceto di miele","","","","","","","","","","","","","","",""
"","A sweet and tangy vinegar made from fermented honey. Perfect for dressings and marinades.","","Un vinaigre doux et acidulé à base de miel fermenté. Parfait pour les vinaigrettes et les marinades.","Un vinagre dulce y ácido hecho de miel fermentada. Perfecto para aderezos y marinadas.","Ein süßer und würziger Essig aus fermentiertem Honig. Perfekt für Dressings und Marinaden.","","Um vinagre doce e ácido feito de mel fermentado. Perfeito para molhos e marinadas.","","Сладкий и острый уксус из ферментированного мёда. Идеально для заправок и маринадов.","Un aceto dolce e acidulo fatto con miele fermentato. Perfetto per condimenti e marinate.","","","","","","","","","","","","","","",""
"","Skewer Meat and Honey","","Brochette de viande au miel","Brocheta de carne y miel","Fleischspieß mit Honig","","Espeto de carne e mel","","Мясо на шпажке с мёдом","Spiedino di carne e miele","","","","","","","","","","","","","","",""
"","Skewer of meat with honey.","","Brochette de viande au miel.","Brocheta de carne con miel.","Fleischspieß mit Honig.","","Espeto de carne com mel.","","Мясо на шпажке с мёдом.","Spiedino di carne con miele.","","","","","","","","","","","","","","",""
"","Blueberry Cocktail","","Cocktail aux myrtilles","Cóctel de arándanos","Heidelbeer-Cocktail","","Coquetel de mirtilo","","Черничный коктейль","Cocktail ai mirtilli","","","","","","","","","","","","","","",""
"","Blueberry Cocktails","","Cocktails aux myrtilles","Cócteles de arándanos","Heidelbeer-Cocktails","","Coquetéis de mirtilo","","Черничные коктейли","Cocktail ai mirtilli","","","","","","","","","","","","","","",""
"","For special occasions...","","Pour les grandes occasions...","Para ocasiones especiales...","Für besondere Anlässe...","","Para ocasiões especiais...","","По особым случаям...","Per occasioni speciali...","","","","","","","","","","","","","","",""
"","Salmon Honey","","Saumon au miel","Salmón con miel","Honig-Lachs","","Salmão ao mel","","Лосось с мёдом","Salmone al miele","","","","","","","","","","","","","","",""
"","Salmon with honey.","","Saumon avec du miel.","Salmón con miel.","Lachs mit Honig.","","Salmão com mel.","","Лосось с мёдом.","Salmone con miele.","","","","","","","","","","","","","","",""
"","Tajine","","Tajine","Tajín","Tajine","","Tajine","","Таджин","Tajine","","","","","","","","","","","","","","",""
"","Traditional Tagine.","","Tajine traditionnel.","Tajín tradicional.","Traditionelles Tajine.","","Tajine tradicional.","","Традиционный таджин.","Tajine tradizionale.","","","","","","","","","","","","","","",""
"","Royal Candy","","Bonbon royal","Caramelo real","Königliches Bonbon","","Bala real","","Царская конфета","Caramella reale","","","","","","","","","","","","","","",""
"","Royal Candies","","Bonbons royaux","Caramelos reales","Königliche Bonbons","","Balas reais","","Царские конфеты","Caramelle reali","","","","","","","","","","","","","","",""
"","Premium confection made with royal jelly and sugar. A luxury treat with exceptional nutritional benefits.","","Confiserie premium à base de gelée royale et de sucre. Un délice luxueux aux bienfaits nutritionnels exceptionnels.","Confección premium hecha con jalea real y azúcar. Un lujo con beneficios nutricionales excepcionales.","Premium-Süßigkeit aus Gelée Royal und Zucker. Eine Luxusleckerei mit außergewöhnlichem Nährwert.","","Confeção premium feita com geleia real e açúcar. Um luxo com benefícios nutricionais excepcionais.","","Первоклассная конфета из маточного молочка и сахара. Роскошное лакомство с исключительной пищевой ценностью.","Confetto premium fatto con pappa reale e zucchero. Un lusso con eccezionali benefici nutrizionali.","","","","","","","","","","","","","","",""
"","Royal Honey Cake","","Gâteau royal au miel","Pastel real de miel","Königlicher Honigkuchen","","Bolo real de mel","","Королевский медовый торт","Torta reale al miele","","","","","","","","","","","","","","",""
"","Royal Honey Cakes","","Gâteaux royaux au miel","Pasteles reales de miel","Königliche Honigkuchen","","Bolos reais de mel","","Королевские медовые торты","Torte reali al miele","","","","","","","","","","","","","","",""
"","A luxurious cake made with royal jelly, providing exceptional nutrition and energy. The pinnacle of beekeeping cuisine.","","Un gâteau luxueux à base de gelée royale, offrant une nutrition et une énergie exceptionnelles. Le summum de la cuisine apicole.","Un pastel lujoso hecho con jalea real, que proporciona nutrición y energía excepcionales. La cúspide de la cocina apícola.","Ein luxuriöser Kuchen aus Gelée Royal mit außergewöhnlicher Ernährung und Energie. Das Nonplusultra der Bienenzuchtküche.","","Um bolo luxuoso feito com geleia real, fornecendo nutrição e energia excepcionais. O ápice da culinária apícola.","","Роскошный торт из маточного молочка с исключительной питательной ценностью и энергией. Вершина кулинарии пчеловода.","Una torta lussuosa fatta con pappa reale, che fornisce nutrizione ed energia eccezionali. Il vertice della cucina apicola.","","","","","","","","","","","","","","",""
"","Royal Honey Tart","","Tarte royale au miel","Tarta real de miel","Königliche Honig-Tarte","","Torta real de mel","","Королевский медовый тарт","Crostata reale al miele","","","","","","","","","","","","","","",""
"","Royal Honey Tarts","","Tartes royales au miel","Tartas reales de miel","Königliche Honig-Tartes","","Tortas reais de mel","","Королевские медовые тарты","Crostate reali al miele","","","","","","","","","","","","","","",""
"","An exquisite tart made with royal jelly, sugar, and fine pastry. The ultimate high-end restaurant food.","","Une tarte exquise à base de gelée royale, de sucre et de pâte fine. L'aliment gastronomique ultime.","Una tarta exquisita hecha con jalea real, azúcar y masa fina. La comida de restaurante de alta gama definitiva.","Eine exquisite Tarte aus Gelée Royal, Zucker und feinem Teig. Das ultimative Hochküchen-Gericht.","","Uma torta requintada feita com geleia real, açúcar e massa fina. O alimento de restaurante de alto nível definitivo.","","Изысканный тарт из маточного молочка, сахара и тонкого теста. Лучшее блюдо высококлассного ресторана.","Una crostata squisita fatta con pappa reale, zucchero e pasta fine. Il cibo di alta cucina definitivo.","","","","","","","","","","","","","","",""
"","Wax-Sealed Bread","","Pain scellé à la cire","Pan sellado con cera","Wachsversiegeltes Brot","","Pão selado com cera","","Хлеб, запечатанный воском","Pane sigillato con cera","","","","","","","","","","","","","","",""
"","Bread sealed with beeswax for extended preservation. Lasts much longer than regular bread.","","Pain scellé à la cire d'abeille pour une conservation prolongée. Dure bien plus longtemps que le pain ordinaire.","Pan sellado con cera de abeja para mayor preservación. Dura mucho más que el pan normal.","Mit Bienenwachs versiegeltes Brot für verlängerte Haltbarkeit. Hält viel länger als normales Brot.","","Pão selado com cera de abelha para preservação estendida. Dura muito mais do que o pão normal.","","Хлеб, запечатанный пчелиным воском для длительного хранения. Хранится намного дольше обычного хлеба.","Pane sigillato con cera d'api per una conservazione prolungata. Dura molto più a lungo del pane normale.","","","","","","","","","","","","","","",""
"","A swarm of bees is about to arrive!","","Un essaim d'abeilles est sur le point d'arriver !","¡Un enjambre de abejas está a punto de llegar!","Ein Bienenschwarm ist im Anflug!","","Um enxame de abelhas está prestes a chegar!","","Рой пчёл вот-вот прилетит!","Uno sciame di api sta per arrivare!","","","","","","","","","","","","","","",""
"","Royal jelly is attracting a queen bee...","","La gelée royale attire une reine...","La jalea real está atrayendo una abeja reina...","Gelée Royal lockt eine Bienenkönigin an...","","A geleia real está atraindo uma abelha rainha...","","Маточное молочко привлекает матку...","La pappa reale sta attirando un'ape regina...","","","","","","","","","","","","","","",""
"","Place royal jelly here to attract a wild queen bee (6-16 hours).","","Placez de la gelée royale ici pour attirer une reine sauvage (6-16 heures).","Coloca jalea real aquí para atraer una reina salvaje (6-16 horas).","Platziere Gelée Royal hier, um eine wilde Bienenkönigin anzulocken (6-16 Stunden).","","Coloque geleia real aqui para atrair uma abelha rainha selvagem (6-16 horas).","","Положите маточное молочко сюда, чтобы привлечь дикую матку (6-16 часов).","Metti pappa reale qui per attirare un'ape regina selvatica (6-16 ore).","","","","","","","","","","","","","","",""
"","You disturb the vacant swarm, causing it to relocate.","","Vous perturbez l'essaim vacant, le forçant à se déplacer.","Perturbas el enjambre vacío, haciendo que se reubique.","Du störst den leeren Schwarm und er zieht weiter.","","Você perturba o enxame vazio, fazendo-o se realocar.","","Вы потревожили пустой рой, и он переместился.","Disturbi lo sciame vacante, costringendolo a spostarsi.","","","","","","","","","","","","","","",""
"","This bee swarm has already been harvested.","","Cet essaim d'abeilles a déjà été récolté.","Este enjambre de abejas ya ha sido cosechado.","Dieser Bienenschwarm wurde bereits geerntet.","","Este enxame de abelhas já foi coletado.","","Этот рой пчёл уже был собран.","Questo sciame di api è già stato raccolto.","","","","","","","","","","","","","","",""
"","Pollination inactive - hive needs 100+ nearby plants","","Pollinisation inactive - la ruche nécessite 100+ plantes à proximité","Polinización inactiva - la colmena necesita 100+ plantas cercanas","Bestäubung inaktiv - Bienenstock benötigt 100+ Pflanzen in der Nähe","","Polinização inativa - a colmeia precisa de 100+ plantas próximas","","Опыление неактивно — улью нужно 100+ растений поблизости","Impollinazione inattiva - l'alveare ha bisogno di 100+ piante vicine","","","","","","","","","","","","","","",""
"","Decoration","","Décoration","Decoración","Dekoration","","Decoração","","Украшение","Decorazione","","","","","","","","","","","","","","",""
"","Beehive","","Ruche","Colmena","Bienenstock","","Colmeia","","Улей","Arnia","","","","","","","","","","","","","","",""
"","for leveling up another specialization.","","pour avoir monté une autre spécialisation.","por subir de nivel otra especialización.","für das Erhöhen einer anderen Spezialisierung.","","por subir de nível outra especialização.","","за освоение другой специализации.","per aver alzato di livello un'altra specializzazione.","","","","","","","","","","","","","","",""
"","Radius in blocks of each wild hive cluster. Hives spawn and are tracked within this radius.","","Rayon en blocs de chaque cluster de ruches sauvages. Les ruches apparaissent et sont suivies dans ce rayon.","Radio en bloques de cada clúster de colmenas silvestres. Las colmenas aparecen y se rastrean dentro de este radio.","Radius in Blöcken jedes Wildbienenstock-Clusters. Bienenstöcke spawnen und werden innerhalb dieses Radius verfolgt.","","Raio em blocos de cada cluster de colmeias silvestres. As colmeias aparecem e são rastreadas dentro deste raio.","","Радиус в блоках каждого кластера диких ульев. Ульи появляются и отслеживаются в этом радиусе.","Raggio in blocchi di ogni cluster di alveari selvatici. Gli alveari appaiono e vengono tracciati entro questo raggio.","","","","","","","","","","","","","","",""
"","Minimum spacing in blocks between two cluster centers. Prevents overlapping clusters.","","Espacement minimum en blocs entre deux centres de clusters. Empêche les clusters de se chevaucher.","Espaciado mínimo en bloques entre dos centros de clúster. Evita que los clústeres se superpongan.","Mindestabstand in Blöcken zwischen zwei Cluster-Zentren. Verhindert überlappende Cluster.","","Espaçamento mínimo em blocos entre dois centros de cluster. Evita que os clusters se sobreponham.","","Минимальное расстояние в блоках между двумя центрами кластеров. Предотвращает перекрытие кластеров.","Distanza minima in blocchi tra due centri di cluster. Impedisce la sovrapposizione dei cluster.","","","","","","","","","","","","","","",""
"","Maximum number of wild hives allowed per cluster.","","Nombre maximum de ruches sauvages autorisées par cluster.","Número máximo de colmenas silvestres permitidas por clúster.","Maximale Anzahl wilder Bienenstöcke pro Cluster.","","Número máximo de colmeias silvestres permitidas por cluster.","","Максимальное количество диких ульев на кластер.","Numero massimo di alveari selvatici consentiti per cluster.","","","","","","","","","","","","","","",""
"","Plant coverage fraction below which a cluster is considered dead and stops regenerating (e.g. 0.08 = 8%).","","Fraction de couverture végétale en dessous de laquelle un cluster est considéré comme mort et arrête de se régénérer (ex. 0,08 = 8%).","Fracción de cobertura vegetal por debajo de la cual un clúster se considera muerto y deja de regenerarse (p. ej. 0,08 = 8%).","Pflanzenbeckungsanteil, unterhalb dessen ein Cluster als tot gilt und sich nicht mehr regeneriert (z.B. 0,08 = 8%).","","Fração de cobertura vegetal abaixo da qual um cluster é considerado morto e para de se regenerar (ex. 0,08 = 8%).","","Доля растительного покрова, ниже которой кластер считается мёртвым и прекращает регенерацию (например, 0,08 = 8%).","Frazione di copertura vegetale al di sotto della quale un cluster viene considerato morto e smette di rigenerarsi (es. 0,08 = 8%).","","","","","","","","","","","","","","",""
"","Minimum hours before a destroyed/harvested hive slot regenerates.","","Heures minimum avant qu'un emplacement de ruche détruit/récolté se régénère.","Horas mínimas antes de que un espacio de colmena destruido/cosechado se regenere.","Mindeststunden, bevor ein zerstörter/geernteter Bienenstock-Slot sich regeneriert.","","Horas mínimas antes que um slot de colmeia destruído/coletado se regenere.","","Минимальное количество часов до регенерации уничтоженного/собранного слота улья.","Ore minime prima che uno slot di alveare distrutto/raccolto si rigeneri.","","","","","","","","","","","","","","",""
"","Maximum hours before a destroyed/harvested hive slot regenerates.","","Heures maximum avant qu'un emplacement de ruche détruit/récolté se régénère.","Horas máximas antes de que un espacio de colmena destruido/cosechado se regenere.","Maximalstunden, bevor ein zerstörter/geernteter Bienenstock-Slot sich regeneriert.","","Horas máximas antes que um slot de colmeia destruído/coletado se regenere.","","Максимальное количество часов до регенерации уничтоженного/собранного слота улья.","Ore massime prima che uno slot di alveare distrutto/raccolto si rigeneri.","","","","","","","","","","","","","","",""
"","Minimum hours before a vacant wild swarm becomes an occupied beehive.","","Heures minimum avant qu'un essaim sauvage vacant devienne une ruche occupée.","Horas mínimas antes de que un enjambre silvestre vacío se convierta en una colmena ocupada.","Mindeststunden, bevor ein leerer Wildschwarm zu einem besetzten Bienenstock wird.","","Horas mínimas antes que um enxame selvagem vazio se torne uma colmeia ocupada.","","Минимальное количество часов до того, как пустой дикий рой станет занятым ульем.","Ore minime prima che uno sciame selvatico vacante diventi un alveare occupato.","","","","","","","","","","","","","","",""
"","Maximum hours before a vacant wild swarm becomes an occupied beehive.","","Heures maximum avant qu'un essaim sauvage vacant devienne une ruche occupée.","Horas máximas antes de que un enjambre silvestre vacío se convierta en una colmena ocupada.","Maximalstunden, bevor ein leerer Wildschwarm zu einem besetzten Bienenstock wird.","","Horas máximas antes que um enxame selvagem vazio se torne uma colmeia ocupada.","","Максимальное количество часов до того, как пустой дикий рой станет занятым ульем.","Ore massime prima che uno sciame selvatico vacante diventi un alveare occupato.","","","","","","","","","","","","","","",""
"","Radius in blocks within which a player beehive boosts crop growth.","","Rayon en blocs dans lequel une ruche de joueur booste la croissance des cultures.","Radio en bloques dentro del cual una colmena de jugador potencia el crecimiento de los cultivos.","Radius in Blöcken, innerhalb dessen ein Spielerbienenstock das Pflanzenwachstum steigert.","","Raio em blocos dentro do qual uma colmeia de jogador impulsiona o crescimento das culturas.","","Радиус в блоках, в котором улей игрока ускоряет рост культур.","Raggio in blocchi entro cui un alveare del giocatore potenzia la crescita delle colture.","","","","","","","","","","","","","","",""
"","Percentage growth speed boost applied to crops within the pollination radius (e.g. 15 = 15% faster).","","Pourcentage d'accélération de la croissance appliqué aux cultures dans le rayon de pollinisation (ex. 15 = 15% plus rapide).","Porcentaje de aumento de velocidad de crecimiento aplicado a los cultivos dentro del radio de polinización (p. ej. 15 = 15% más rápido).","Prozentualer Wachstumsschub für Pflanzen im Bestäubungsradius (z.B. 15 = 15% schneller).","","Percentual de aumento de velocidade de crescimento aplicado às culturas dentro do raio de polinização (ex. 15 = 15% mais rápido).","","Процентное ускорение роста культур в радиусе опыления (например, 15 = на 15% быстрее).","Percentuale di aumento della velocità di crescita applicata alle colture nel raggio di impollinazione (es. 15 = 15% più veloce).","","","","","","","","","","","","","","",""
